{
    "appearance" : "dark",
    "author" : "Midnight",
    "colors" : {
        "canvasRulerOccupiedColor" : "rgba(95,139,188,0.20)",
        "canvasMeasurementLabelBackgroundColor" : "rgba(0,0,0,0.30)",
        "inspectorAccentColor" : "#007AFF",
        "canvasLayerSelectionColor" : "#AAAAAA",
        "inspectorIconColor" : "rgba(255,255,255,0.35)",
        "cloudPopoverButtonTintColor" : "#393A3C",
        "windowBadgePluginUpdatesAvailableColor" : "#FA6400",
        "canvasPageBackgroundColor" : "#121212",
        "canvasPixelLineColor" : "rgba(242,242,242,0.30)",
        "canvasRulerTextBackgroundColor" : "rgba(33,33,33,0.80)",
        "inspectorSliderKnobColor" : "#8A8E93",
        "windowBadgeUnfocusedPillColor" : "rgba(109,114,120,0.50)",
        "splitViewDividerColor" : "#000000",
        "inspectorButtonBackgroundColor" : "#212325",
        "inspectorArtboardPresetHeaderColor" : "#212325",
        "canvasArtboardTitleColor" : "#929292",
        "windowBadgeTextColor" : "#FFFFFF",
        "inspectorBorderColor" : "rgba(255,255,255,0.10)",
        "canvasRulerTextColor" : "rgba(255,255,255,0.85)",
        "inspectorSectionBackgroundColor" : "#2E2F30",
        "canvasRulerBackgroundColor" : "#1D1D1D",
        "layerListIconPressedTintColor" : "#007AFF",
        "colorPickerAssetBorderColor" : "rgba(255,255,255,0.20)",
        "windowBadgeMultipleNotificationsColor" : "#E02020",
        "colorPickerMarkerShadowColor" : "#000000",
        "inspectorArtboardPresetTableViewBackgroundColor" : "#171819",
        "inspectorLabelBackgroundColor" : "#101113",
        "canvasSymbolErrorTextColor" : "rgba(224,30,30,0.80)",
        "inspectorLabelBorderColor" : "#333538",
        "layerListArtboardBorderColor" : "#34383B",
        "inspectorSliderKnobBorderColor" : "rgba(0,0,0,0.15)",
        "inspectorSecondaryLabelTextColor" : "rgba(255,255,255,0.55)",
        "cloudPopoverCancelButtonTintColorPressed" : "rgba(174,174,174,0.68)",
        "canvasSymbolErrorBorderColor" : "rgba(224,30,30,0.50)",
        "inspectorAlignmentStrutColor" : "rgba(255,255,255,0.25)",
        "inspectorSectionSeparatorColor" : "#C6C6C6",
        "inspectorSeparatorColor" : "rgba(255,255,255,0.10)",
        "layerListFilterTokenSelectedBackgroundColor" : "#007AFF",
        "colorPickerDarkShadowColor" : "rgba(0,0,0,0.75)",
        "layerListTabButtonColor" : "rgba(255,255,255,0.55)",
        "colorPickerMarkerFillColor" : "#ECECEC",
        "inspectorSecondaryLabelTextColorHighlighted" : "rgba(255,255,255,0.80)",
        "cloudPopoverButtonTintColorPressed" : "#505355",
        "colorPickerLightShadowColor" : "#F8F8F8",
        "layerListFilterTokenSelectedTitleColor" : "#FFFFFF",
        "canvasLayerHighlightColor" : "#007AFF",
        "inspectorHighlightedBorderColor" : "rgba(72,72,72,0.28)",
        "layerListIndentGuidesColor" : "#2E3134",
        "canvasBackgroundColor" : "#1E1F1F",
        "inspectorStylePreviewButtonOverlayHighlightingColor" : "rgba(255,255,255,0.15)",
        "hoverButtonHoverColor" : "#555555",
        "layerListFilterBarBackgroundColor" : "#252628",
        "inspectorHighlightedAccentColor" : "#2EA8FF",
        "layerListIconTintColor" : "rgba(255,255,255,0.55)",
        "windowBadgeFontsMissingColor" : "#3DC1A3",
        "layerListBackgroundColor" : "#171819",
        "inspectorResizePreviewEdgeIndicatorColor" : "rgba(255,255,255,0.25)",
        "layerListLightBackgroundColor" : "#212325",
        "inspectorResizePreviewBackgroundColor" : "rgba(255,255,255,0.25)",
        "canvasRulerLineOccupiedColor" : "rgba(0,122,255,0.60)",
        "layerListIconSelectedInactiveTintColor" : "rgba(255,255,255,0.55)",
        "inspectorInlineLabelTextColor" : "rgba(158,158,158,0.60)",
        "colorPickerCheckerboardBorderColor" : "rgba(255,255,255,0.10)",
        "inspectorLabelTextColor" : "rgba(255,255,255,0.45)",
        "inspectorSectionHeaderTextColor" : "rgba(255,255,255,0.50)",
        "canvasSymbolTitleColor" : "rgba(196,76,230,0.70)",
        "inspectorHighlightedIconColor" : "rgba(186,186,186,0.73)",
        "colorPickerSeparatorColor" : "#505050",
        "colorPickerCheckerboardBackgroundColor" : "#2B2D30",
        "layerListIconSharedTintColor" : "#C44CE6",
        "layerListFilterTokenTitleColor" : "rgba(255,255,255,0.50)",
        "inspectorResizePreviewInnerLayerBackgroundColor" : "rgba(108,210,2,0.73)",
        "cloudPopoverCancelButtonTintColor" : "#515457",
        "inspectorHighlightedSliderKnobColor" : "#B8BCC1",
        "layerListFilterTokenBackgroundColor" : "rgba(0,122,255,0.50)",
        "inspectorButtonDropShadowColor" : "rgba(0,0,0,0.00)",
        "windowBadgeLibraryChangesAvailableColor" : "#B620E0",
        "layerListFilterBarBorderColor" : "#434445",
        "inspectorAlignmentDisabledStrutColor" : "rgba(255,255,255,0.10)",
        "hoverButtonNormalColor" : "#888888",
        "inspectorResizePreviewInnerLayerBorderColor" : "#6CD202",
        "inspectorAlignmentViewBackgroundColor" : "#212325",
        "windowBadgeTrialMessageColor" : "#6D7278",
        "inspectorSliderRightTrackColor" : "#333333",
        "layerListSymbolOverrideIconTintColor" : "#0091FF",
        "layerListSplitViewDividerColor" : "#34383B",
        "toolbarGradient" : [
            "#343333",
            "#1D1D1D"
        ],
        "canvasRulerLockColor" : "#808080",
        "layerListIconSelectedActiveTintColor" : "#FFFFFF",
        "inspectorDisabledIconColor" : "rgba(255,255,255,0.15)",
        "layerListIndentGuidesSelectedColor" : "#FFFFFF",
        "inspectorButtonHighlightedBackgroundColor" : "#737373",
        "canvasRulerLineColor" : "#3A3E40",
        "inspectorBackgroundColor" : "#171819",
        "inspectorIconAccentColor" : "#FFFFFF",
        "canvasSliceOutlineColor" : "#CCCCCC",
        "canvasSymbolErrorBackgroundColor" : "rgba(252,244,244,0.90)",
        "inspectorPushButtonBackgroundColor" : "#393A3C"
    },
    "name" : "Night Owl",
    "description" : "A darker theme with cool bluish tones for late night design sessions.",
    "identifier" : "com.midnightsketch.nightowl"
}
