{
    "id" : "com.midnightsketch.designer",
    "name" : "Designer",
    "description" : "A dark warm theme that puts your design in focus.",
    "author" : "Midnight",
    "appearance" : "dark",
    "toolbarIconsTheme" : "electric",
    "colors" : {
        "text" : "dddddd",
        "placeholderText" : "585858",
        "textfieldBackground" : "212121",
        "textfieldBorder" : "333333",
        "canvas" : "232220",
        "canvasEmpty" : "191817",
        "sidebars" : "2E2D2B",
        "toolbar" : ["30302C", "282825"],
        "tabbar" : "242421",
        "accent" : "4882C9",
        "borders" : "1E1D1B",
        "layerListArtboard" : "4F4E49",
        "layerListLayerOdd" : "3A3936",
        "layerListLayerEven" : "403E3A",
        "inspectorSectionHeader" : ["42413C","2E2D2B"],
        "inspectorSectionHeaderDark" : "3B3A37",
        "colorPickerBackground" : "353432",
        "sheetBackground" : "2E2D2B",
        "sheetHeader" : "3C3A36",
        "sharedObjectSectionHeader" : "42413D",
        "sharedObjectSectionHeaderLight" : "92918D",
        "overridesHeader" : ["42413D","302F2D"],
        "stepperBackground" : "42413D",
        "stepperArrows" : "cccccc",
        "rulerBackground" : "252422",
        "rulerTicks" : "4C4B47",
        "indentGuides" : "4F4E49",
        "indentGuidesSelected" : "F2F2F2",
        "bottomGradient" : ["3F3E39","31302D"]
    }
}